{"cameraMode":{"drawMode":0,"name":"Shaded","section":"Shading Mode"},"sceneLighting":true,"audioPlay":false,"sceneViewState":{"showFog":true,"showMaterialUpdate":false,"showSkybox":true,"showFlares":true,"showImageEffects":true,"showParticleSystems":true},"in2DMode":false,"pivot":{"x":0.14644713699817658,"y":-9.096431732177735,"z":12.005895614624024},"rotation":{"x":-0.328678160905838,"y":-0.14875337481498719,"z":0.05249287560582161,"w":-0.931200385093689},"size":26.235408782958986,"orthographic":false}